{"count":1,"gauges":{"parking.CumulativeReward":{"count":13,"max":1,"min":1,"value":1,"weightedAverage":1}},"self":18.8969216,"total":19.4517064,"children":{"AgentSendState":{"count":960,"self":0.0354087,"total":0.046935399999999995,"children":{"CollectObservations":{"count":576,"self":0.010532,"total":0.010532,"children":null},"CollectDiscreteActionMasks":{"count":576,"self":0.0009947,"total":0.0009947,"children":null}}},"DecideAction":{"count":960,"self":0.40965949999999995,"total":0.4415966,"children":{"RayPerceptionSensor.Perceive":{"count":576,"self":0.031937099999999996,"total":0.031937099999999996,"children":null}}},"AgentAct":{"count":960,"self":0.0647528,"total":0.0647528,"children":null}}}